blacklist,Wenjie
checksum_offload,changqing
cloud_filter,wenjie
cmdline,shuai
coremask,changqing
crypto_perf,xinfeng
ddp_gtp,shuai
ddp_gtp_qregion,shuai
ddp_mpls,shuai
distributor,Yufen
dual_vlan,changqing
,
dynamic_config,shuai
dynamic_flowtype,shuai
efd,Yufen
etag,Yufen
external_mempool_handler,Yufen
mempool_exthandler,Yufen
fdir,changqing
floating_veb,meijuan
fm10k_perf,
fortville_rss_granularity_config,shuai
ftag,wenjie
generic_filter,wenjie
hello_world,shuai
hotplug,shuai
ieee1588,wenjie
inline_ipsec,wenjie
ipfrag,Wenhui
ipgre,Yufen
ip_pipeline,N/A
ipv4_reassembly,shuai
jumboframes,shuai
keep_alive,wenjie
kni,Wenhui
l2fwd_crypto,xinfeng
l2fwd,Yingya
l3fwd_em,Yingya
l3fwd,Yingya
link_flowctrl,YaoBing
link_status_interrupt,YaoBing
mac_filter,wenjie
multiprocess,YaoBing
netmap_compat,wenjie
nvgre,shuai
pmd_bonded,Yufen
pmdpcap,changqing
pmd,changqing
pmdrss_hash,YaoBing
pmdrssreta,Wenjie
ptpclient,YaoBing
ptype_mapping,shuai
qinq_filter,YaoBing
queue_region,YaoBing
queue_start_stop,changqing
quota_watermark,Yufen
rxtx_callbacks,YaoBing
scatter,wenjie
short_live,Yufen
shutdown_api,shuai
skeleton,YaoBing
sriov_kvm,meijuan
timer,YaoBing
tso,shuai
tx_preparation,xinfeng
uni_pkt,YaoBing
unit_tests_cmdline,Wenhui
unit_tests_crc,Wenhui
unit_tests_cryptodev,xinfeng
unit_tests_dump,Wenhui
unit_tests_eal,Yufen
unit_tests_kni,Wenhui
unit_tests_lpm,Wenhui
unit_tests_mbuf,Yufen
unit_tests_mempool,Yufen
unit_tests_pmd_perf,Wenhui
unit_tests_power,Yufen
unit_tests_qos,Wenhui
unit_tests_ringpmd,Yufen
unit_tests_ring,Yufen
unit_tests_timer,Wenhui
userspace_ethtool,shuai
veb_switch,meijuan
vf_daemon,meijuan
vf_interrupt_pmd,meijuan
vf_jumboframe,meijuan
vf_kernel,meijuan
vf_macfilter,meijuan
vf_offload,meijuan
vf_packet_rxtx,meijuan
vf_port_start_stop,meijuan
vf_rss,meijuan
vf_to_vf_nic_bridge,meijuan
vf_vlan,meijuan
vhost_cuse_one_c_one_vm,Lihong
vhost_user_one_c_one_vm,Lihong
vhost_loopback_performance_virtio_user,Lihong
vhost_multi_queue_qemu,Lihong
vhost_pmd_xstats,Lihong
vhost_qemu_pvp_performance,Lihong
vhost_user_live_migration,Lihong
virtio_iperf,Lihong
vlan_ethertype_config,YaoBing
vlan,YaoBing
vmdq,shuai
vm_power_manager,Yufen
vxlan,YaoBing
vxlan_sample,wenjie
bond,Yufen
eventdev_pipeline_sw_pmd,wenjie
exception_path,Yingya
ip_pipeline,changqing
ipsec-secgw,xinfeng
ipv4_multicast,changqing
l2fwd-cat,
l2fwd-jobstats,wenjie
l3fwd-acl,Lihong
l3fwd-power,Lihong
l3fwd-vf,
load_balancer,changqing
packet_ordering,changqing
performance-thread,Yingya
qos_meter,Yingya
qos_sched,Yingya
vhost,Lihong
vhost_scsi,
vmdq_dcb,Yingya
bbdev_app,
flow_classify,Yufen
flow_filtering,
service_cores,
vhost_crypto,
generic_flow_api,changqing
metering_and_policing,wenjie
external_memory,changqing
flow_classify_softnic,wenjie
